{
  "test_e1": {
    "entity_id": "test_e1",
    "entity_name": "Test Entity",
    "stability": 14.0,
    "last_accessed": 1776642034.617235,
    "review_count": 0,
    "ease_factor": 2.5,
    "created_at": 1776642034.617235
  },
  "new_entity_123": {
    "entity_id": "new_entity_123",
    "entity_name": "New Entity",
    "stability": 60.11119296000001,
    "last_accessed": 1777929006.8719566,
    "review_count": 6,
    "ease_factor": 3.0,
    "created_at": 1776642034.645954
  },
  "d1": {
    "entity_id": "d1",
    "entity_name": "D1",
    "stability": 14.0,
    "last_accessed": 1776642034.6640558,
    "review_count": 0,
    "ease_factor": 2.5,
    "created_at": 1776642034.6640558
  },
  "d2": {
    "entity_id": "d2",
    "entity_name": "D2",
    "stability": 14.0,
    "last_accessed": 1776642034.665057,
    "review_count": 0,
    "ease_factor": 2.5,
    "created_at": 1776642034.665057
  }
}