{
  "retrieval_ema": 0.9999999691258579,
  "entity_count_last_week": 0,
  "consolidation_cycles_7d": 8,
  "last_snapshot_time": 1780926204.4334545
}